submission_pk,User,SARI
836241,qbic,39.689777 (1),
835864,orzhan,39.279082 (2),
836227,ashatilov,38.491037 (3),
836228,smpl,38.237915 (4),
836091,alenusch,37.800692 (5),
835682,OnSlaught,36.936716 (6),
836095,king_menin,36.683580 (7),
835689,komleva.1999,33.195388 (8),
